                  epoch,         train/box_loss,         train/cls_loss,         train/dfl_loss,   metrics/precision(B),      metrics/recall(B),       metrics/mAP50(B),    metrics/mAP50-95(B),           val/box_loss,           val/cls_loss,           val/dfl_loss,                 lr/pg0,                 lr/pg1,                 lr/pg2
                      1,                 1.9903,                 3.9996,                 2.5023,                0.85693,                0.74889,                0.83134,                0.41804,                 1.4969,                 3.9131,                 1.9871,                  8e-05,                  8e-05,                  8e-05
                      2,                 1.3076,                 1.8285,                 1.7952,                      1,                0.86434,                  0.955,                0.61792,                 1.2956,                 1.8074,                 1.4584,             0.00014436,             0.00014436,             0.00014436
                      3,                 1.3173,                  1.753,                   1.76,                0.98987,                  0.875,                0.94357,                0.56583,                 1.5311,                 2.1845,                  1.567,             0.00016912,             0.00016912,             0.00016912
                      4,                 1.0846,                 1.1934,                 1.4905,                0.78867,                      1,                  0.971,                0.43422,                 1.8259,                 3.8586,                 1.9825,             0.00015428,             0.00015428,             0.00015428
                      5,                 1.2346,                 1.3141,                 1.6443,                0.87956,                      1,                0.98167,                0.51535,                 1.8554,                 2.0372,                  2.056,              9.984e-05,              9.984e-05,              9.984e-05
